"1","Give me the longest automobile in the world?","SELECT DISTINCT ?subjOfProp WHERE {   ?subjOfProp <http://dbpedia.org/ontology/length> ?objOfProp . ?subjOfProp <http://www.w3.org/1999/02/22-rdf-syntax-ns#type> <http://dbpedia.org/ontology/Automobile>} ORDER BY ASC(?objOfProp) OFFSET 0 LIMIT 1","Shuanghuan Noble"
"2","Tell me the longest automobile in the world?","SELECT DISTINCT ?subjOfProp WHERE {   ?subjOfProp <http://dbpedia.org/ontology/length> ?objOfProp . ?subjOfProp <http://www.w3.org/1999/02/22-rdf-syntax-ns#type> <http://dbpedia.org/ontology/Automobile>} ORDER BY ASC(?objOfProp) OFFSET 0 LIMIT 1","Shuanghuan Noble"
"3","What is the longest automobile in the world?","SELECT DISTINCT ?subjOfProp WHERE {   ?subjOfProp <http://dbpedia.org/ontology/length> ?objOfProp . ?subjOfProp <http://www.w3.org/1999/02/22-rdf-syntax-ns#type> <http://dbpedia.org/ontology/Automobile>} ORDER BY ASC(?objOfProp) OFFSET 0 LIMIT 1","Shuanghuan Noble"
"4","What was the longest automobile in the world?","SELECT DISTINCT ?subjOfProp WHERE {   ?subjOfProp <http://dbpedia.org/ontology/length> ?objOfProp . ?subjOfProp <http://www.w3.org/1999/02/22-rdf-syntax-ns#type> <http://dbpedia.org/ontology/Automobile>} ORDER BY ASC(?objOfProp) OFFSET 0 LIMIT 1","Shuanghuan Noble"
"11","the longest automobile in the world","SELECT DISTINCT ?subjOfProp WHERE {   ?subjOfProp <http://dbpedia.org/ontology/length> ?objOfProp . ?subjOfProp <http://www.w3.org/1999/02/22-rdf-syntax-ns#type> <http://dbpedia.org/ontology/Automobile>} ORDER BY ASC(?objOfProp) OFFSET 0 LIMIT 1","Shuanghuan Noble"
"18","Give me the longest body of water in the world?","SELECT DISTINCT ?subjOfProp WHERE {   ?subjOfProp <http://dbpedia.org/ontology/length> ?objOfProp . ?subjOfProp <http://www.w3.org/1999/02/22-rdf-syntax-ns#type> <http://dbpedia.org/ontology/BodyOfWater>} ORDER BY ASC(?objOfProp) OFFSET 0 LIMIT 1","Talbot Lake (Petite rivière Pikauba)"
"19","Tell me the longest body of water in the world?","SELECT DISTINCT ?subjOfProp WHERE {   ?subjOfProp <http://dbpedia.org/ontology/length> ?objOfProp . ?subjOfProp <http://www.w3.org/1999/02/22-rdf-syntax-ns#type> <http://dbpedia.org/ontology/BodyOfWater>} ORDER BY ASC(?objOfProp) OFFSET 0 LIMIT 1","Talbot Lake (Petite rivière Pikauba)"
"20","What is the longest body of water in the world?","SELECT DISTINCT ?subjOfProp WHERE {   ?subjOfProp <http://dbpedia.org/ontology/length> ?objOfProp . ?subjOfProp <http://www.w3.org/1999/02/22-rdf-syntax-ns#type> <http://dbpedia.org/ontology/BodyOfWater>} ORDER BY ASC(?objOfProp) OFFSET 0 LIMIT 1","Talbot Lake (Petite rivière Pikauba)"
"21","What was the longest body of water in the world?","SELECT DISTINCT ?subjOfProp WHERE {   ?subjOfProp <http://dbpedia.org/ontology/length> ?objOfProp . ?subjOfProp <http://www.w3.org/1999/02/22-rdf-syntax-ns#type> <http://dbpedia.org/ontology/BodyOfWater>} ORDER BY ASC(?objOfProp) OFFSET 0 LIMIT 1","Talbot Lake (Petite rivière Pikauba)"
"24","Give me the longest body of water in Germany?","SELECT DISTINCT ?subjOfProp WHERE {   ?subjOfProp <http://dbpedia.org/ontology/length> ?objOfProp . ?subjOfProp <http://dbpedia.org/ontology/country> <http://dbpedia.org/resource/Germany> . ?subjOfProp <http://www.w3.org/1999/02/22-rdf-syntax-ns#type> <http://dbpedia.org/ontology/BodyOfWater>} ORDER BY ASC(?objOfProp) OFFSET 0 LIMIT 1","Latschensee"
"25","Tell me the longest body of water in Germany?","SELECT DISTINCT ?subjOfProp WHERE {   ?subjOfProp <http://dbpedia.org/ontology/length> ?objOfProp . ?subjOfProp <http://dbpedia.org/ontology/country> <http://dbpedia.org/resource/Germany> . ?subjOfProp <http://www.w3.org/1999/02/22-rdf-syntax-ns#type> <http://dbpedia.org/ontology/BodyOfWater>} ORDER BY ASC(?objOfProp) OFFSET 0 LIMIT 1","Latschensee"
"26","What is the longest body of water in Germany?","SELECT DISTINCT ?subjOfProp WHERE {   ?subjOfProp <http://dbpedia.org/ontology/length> ?objOfProp . ?subjOfProp <http://dbpedia.org/ontology/country> <http://dbpedia.org/resource/Germany> . ?subjOfProp <http://www.w3.org/1999/02/22-rdf-syntax-ns#type> <http://dbpedia.org/ontology/BodyOfWater>} ORDER BY ASC(?objOfProp) OFFSET 0 LIMIT 1","Latschensee"
"27","What was the longest body of water in Germany?","SELECT DISTINCT ?subjOfProp WHERE {   ?subjOfProp <http://dbpedia.org/ontology/length> ?objOfProp . ?subjOfProp <http://dbpedia.org/ontology/country> <http://dbpedia.org/resource/Germany> . ?subjOfProp <http://www.w3.org/1999/02/22-rdf-syntax-ns#type> <http://dbpedia.org/ontology/BodyOfWater>} ORDER BY ASC(?objOfProp) OFFSET 0 LIMIT 1","Latschensee"
"30","Give me the longest body of water in Spain?","SELECT DISTINCT ?subjOfProp WHERE {   ?subjOfProp <http://dbpedia.org/ontology/length> ?objOfProp . ?subjOfProp <http://dbpedia.org/ontology/country> <http://dbpedia.org/resource/Spain> . ?subjOfProp <http://www.w3.org/1999/02/22-rdf-syntax-ns#type> <http://dbpedia.org/ontology/BodyOfWater>} ORDER BY ASC(?objOfProp) OFFSET 0 LIMIT 1","Cinqueta"
"31","Tell me the longest body of water in Spain?","SELECT DISTINCT ?subjOfProp WHERE {   ?subjOfProp <http://dbpedia.org/ontology/length> ?objOfProp . ?subjOfProp <http://dbpedia.org/ontology/country> <http://dbpedia.org/resource/Spain> . ?subjOfProp <http://www.w3.org/1999/02/22-rdf-syntax-ns#type> <http://dbpedia.org/ontology/BodyOfWater>} ORDER BY ASC(?objOfProp) OFFSET 0 LIMIT 1","Cinqueta"
"32","What is the longest body of water in Spain?","SELECT DISTINCT ?subjOfProp WHERE {   ?subjOfProp <http://dbpedia.org/ontology/length> ?objOfProp . ?subjOfProp <http://dbpedia.org/ontology/country> <http://dbpedia.org/resource/Spain> . ?subjOfProp <http://www.w3.org/1999/02/22-rdf-syntax-ns#type> <http://dbpedia.org/ontology/BodyOfWater>} ORDER BY ASC(?objOfProp) OFFSET 0 LIMIT 1","Cinqueta"
"33","What was the longest body of water in Spain?","SELECT DISTINCT ?subjOfProp WHERE {   ?subjOfProp <http://dbpedia.org/ontology/length> ?objOfProp . ?subjOfProp <http://dbpedia.org/ontology/country> <http://dbpedia.org/resource/Spain> . ?subjOfProp <http://www.w3.org/1999/02/22-rdf-syntax-ns#type> <http://dbpedia.org/ontology/BodyOfWater>} ORDER BY ASC(?objOfProp) OFFSET 0 LIMIT 1","Cinqueta"
"36","the longest body of water in the world","SELECT DISTINCT ?subjOfProp WHERE {   ?subjOfProp <http://dbpedia.org/ontology/length> ?objOfProp . ?subjOfProp <http://www.w3.org/1999/02/22-rdf-syntax-ns#type> <http://dbpedia.org/ontology/BodyOfWater>} ORDER BY ASC(?objOfProp) OFFSET 0 LIMIT 1","Talbot Lake (Petite rivière Pikauba)"
"39","the longest body of water in Germany","SELECT DISTINCT ?subjOfProp WHERE {   ?subjOfProp <http://dbpedia.org/ontology/length> ?objOfProp . ?subjOfProp <http://dbpedia.org/ontology/country> <http://dbpedia.org/resource/Germany> . ?subjOfProp <http://www.w3.org/1999/02/22-rdf-syntax-ns#type> <http://dbpedia.org/ontology/BodyOfWater>} ORDER BY ASC(?objOfProp) OFFSET 0 LIMIT 1","Latschensee"
"42","the longest body of water in Spain","SELECT DISTINCT ?subjOfProp WHERE {   ?subjOfProp <http://dbpedia.org/ontology/length> ?objOfProp . ?subjOfProp <http://dbpedia.org/ontology/country> <http://dbpedia.org/resource/Spain> . ?subjOfProp <http://www.w3.org/1999/02/22-rdf-syntax-ns#type> <http://dbpedia.org/ontology/BodyOfWater>} ORDER BY ASC(?objOfProp) OFFSET 0 LIMIT 1","Cinqueta"
"53","Give me the longest ship in the world?","SELECT DISTINCT ?subjOfProp WHERE {   ?subjOfProp <http://dbpedia.org/ontology/length> ?objOfProp . ?subjOfProp <http://www.w3.org/1999/02/22-rdf-syntax-ns#type> <http://dbpedia.org/ontology/Ship>} ORDER BY ASC(?objOfProp) OFFSET 0 LIMIT 1","Red October (fictional submarine)"
"54","Tell me the longest ship in the world?","SELECT DISTINCT ?subjOfProp WHERE {   ?subjOfProp <http://dbpedia.org/ontology/length> ?objOfProp . ?subjOfProp <http://www.w3.org/1999/02/22-rdf-syntax-ns#type> <http://dbpedia.org/ontology/Ship>} ORDER BY ASC(?objOfProp) OFFSET 0 LIMIT 1","Red October (fictional submarine)"
"55","What is the longest ship in the world?","SELECT DISTINCT ?subjOfProp WHERE {   ?subjOfProp <http://dbpedia.org/ontology/length> ?objOfProp . ?subjOfProp <http://www.w3.org/1999/02/22-rdf-syntax-ns#type> <http://dbpedia.org/ontology/Ship>} ORDER BY ASC(?objOfProp) OFFSET 0 LIMIT 1","Red October (fictional submarine)"
"56","What was the longest ship in the world?","SELECT DISTINCT ?subjOfProp WHERE {   ?subjOfProp <http://dbpedia.org/ontology/length> ?objOfProp . ?subjOfProp <http://www.w3.org/1999/02/22-rdf-syntax-ns#type> <http://dbpedia.org/ontology/Ship>} ORDER BY ASC(?objOfProp) OFFSET 0 LIMIT 1","Red October (fictional submarine)"
"59","Give me the longest ship in Germany?","SELECT DISTINCT ?subjOfProp WHERE {   ?subjOfProp <http://dbpedia.org/ontology/length> ?objOfProp . ?subjOfProp <http://dbpedia.org/ontology/country> <http://dbpedia.org/resource/Germany> . ?subjOfProp <http://www.w3.org/1999/02/22-rdf-syntax-ns#type> <http://dbpedia.org/ontology/Ship>} ORDER BY ASC(?objOfProp) OFFSET 0 LIMIT 1","Brandtaucher"
"60","Tell me the longest ship in Germany?","SELECT DISTINCT ?subjOfProp WHERE {   ?subjOfProp <http://dbpedia.org/ontology/length> ?objOfProp . ?subjOfProp <http://dbpedia.org/ontology/country> <http://dbpedia.org/resource/Germany> . ?subjOfProp <http://www.w3.org/1999/02/22-rdf-syntax-ns#type> <http://dbpedia.org/ontology/Ship>} ORDER BY ASC(?objOfProp) OFFSET 0 LIMIT 1","Brandtaucher"
"61","What is the longest ship in Germany?","SELECT DISTINCT ?subjOfProp WHERE {   ?subjOfProp <http://dbpedia.org/ontology/length> ?objOfProp . ?subjOfProp <http://dbpedia.org/ontology/country> <http://dbpedia.org/resource/Germany> . ?subjOfProp <http://www.w3.org/1999/02/22-rdf-syntax-ns#type> <http://dbpedia.org/ontology/Ship>} ORDER BY ASC(?objOfProp) OFFSET 0 LIMIT 1","Brandtaucher"
"62","What was the longest ship in Germany?","SELECT DISTINCT ?subjOfProp WHERE {   ?subjOfProp <http://dbpedia.org/ontology/length> ?objOfProp . ?subjOfProp <http://dbpedia.org/ontology/country> <http://dbpedia.org/resource/Germany> . ?subjOfProp <http://www.w3.org/1999/02/22-rdf-syntax-ns#type> <http://dbpedia.org/ontology/Ship>} ORDER BY ASC(?objOfProp) OFFSET 0 LIMIT 1","Brandtaucher"
"65","Give me the longest ship in Spain?","SELECT DISTINCT ?subjOfProp WHERE {   ?subjOfProp <http://dbpedia.org/ontology/length> ?objOfProp . ?subjOfProp <http://dbpedia.org/ontology/country> <http://dbpedia.org/resource/Spain> . ?subjOfProp <http://www.w3.org/1999/02/22-rdf-syntax-ns#type> <http://dbpedia.org/ontology/Ship>} ORDER BY ASC(?objOfProp) OFFSET 0 LIMIT 1","Princess Royal (1778 sloop)"
"66","Tell me the longest ship in Spain?","SELECT DISTINCT ?subjOfProp WHERE {   ?subjOfProp <http://dbpedia.org/ontology/length> ?objOfProp . ?subjOfProp <http://dbpedia.org/ontology/country> <http://dbpedia.org/resource/Spain> . ?subjOfProp <http://www.w3.org/1999/02/22-rdf-syntax-ns#type> <http://dbpedia.org/ontology/Ship>} ORDER BY ASC(?objOfProp) OFFSET 0 LIMIT 1","Princess Royal (1778 sloop)"
"67","What is the longest ship in Spain?","SELECT DISTINCT ?subjOfProp WHERE {   ?subjOfProp <http://dbpedia.org/ontology/length> ?objOfProp . ?subjOfProp <http://dbpedia.org/ontology/country> <http://dbpedia.org/resource/Spain> . ?subjOfProp <http://www.w3.org/1999/02/22-rdf-syntax-ns#type> <http://dbpedia.org/ontology/Ship>} ORDER BY ASC(?objOfProp) OFFSET 0 LIMIT 1","Princess Royal (1778 sloop)"
"68","What was the longest ship in Spain?","SELECT DISTINCT ?subjOfProp WHERE {   ?subjOfProp <http://dbpedia.org/ontology/length> ?objOfProp . ?subjOfProp <http://dbpedia.org/ontology/country> <http://dbpedia.org/resource/Spain> . ?subjOfProp <http://www.w3.org/1999/02/22-rdf-syntax-ns#type> <http://dbpedia.org/ontology/Ship>} ORDER BY ASC(?objOfProp) OFFSET 0 LIMIT 1","Princess Royal (1778 sloop)"
"71","the longest ship in the world","SELECT DISTINCT ?subjOfProp WHERE {   ?subjOfProp <http://dbpedia.org/ontology/length> ?objOfProp . ?subjOfProp <http://www.w3.org/1999/02/22-rdf-syntax-ns#type> <http://dbpedia.org/ontology/Ship>} ORDER BY ASC(?objOfProp) OFFSET 0 LIMIT 1","Red October (fictional submarine)"
"74","the longest ship in Germany","SELECT DISTINCT ?subjOfProp WHERE {   ?subjOfProp <http://dbpedia.org/ontology/length> ?objOfProp . ?subjOfProp <http://dbpedia.org/ontology/country> <http://dbpedia.org/resource/Germany> . ?subjOfProp <http://www.w3.org/1999/02/22-rdf-syntax-ns#type> <http://dbpedia.org/ontology/Ship>} ORDER BY ASC(?objOfProp) OFFSET 0 LIMIT 1","Brandtaucher"
"77","the longest ship in Spain","SELECT DISTINCT ?subjOfProp WHERE {   ?subjOfProp <http://dbpedia.org/ontology/length> ?objOfProp . ?subjOfProp <http://dbpedia.org/ontology/country> <http://dbpedia.org/resource/Spain> . ?subjOfProp <http://www.w3.org/1999/02/22-rdf-syntax-ns#type> <http://dbpedia.org/ontology/Ship>} ORDER BY ASC(?objOfProp) OFFSET 0 LIMIT 1","Princess Royal (1778 sloop)"
"80","Give me the longest location in the world?","SELECT DISTINCT ?subjOfProp WHERE {   ?subjOfProp <http://dbpedia.org/ontology/length> ?objOfProp . ?subjOfProp <http://www.w3.org/1999/02/22-rdf-syntax-ns#type> <http://dbpedia.org/ontology/Location>} ORDER BY ASC(?objOfProp) OFFSET 0 LIMIT 1","Veliko Tarnovo–Ruse motorway"
"81","Tell me the longest location in the world?","SELECT DISTINCT ?subjOfProp WHERE {   ?subjOfProp <http://dbpedia.org/ontology/length> ?objOfProp . ?subjOfProp <http://www.w3.org/1999/02/22-rdf-syntax-ns#type> <http://dbpedia.org/ontology/Location>} ORDER BY ASC(?objOfProp) OFFSET 0 LIMIT 1","Veliko Tarnovo–Ruse motorway"
"82","What is the longest location in the world?","SELECT DISTINCT ?subjOfProp WHERE {   ?subjOfProp <http://dbpedia.org/ontology/length> ?objOfProp . ?subjOfProp <http://www.w3.org/1999/02/22-rdf-syntax-ns#type> <http://dbpedia.org/ontology/Location>} ORDER BY ASC(?objOfProp) OFFSET 0 LIMIT 1","Veliko Tarnovo–Ruse motorway"
"83","What was the longest location in the world?","SELECT DISTINCT ?subjOfProp WHERE {   ?subjOfProp <http://dbpedia.org/ontology/length> ?objOfProp . ?subjOfProp <http://www.w3.org/1999/02/22-rdf-syntax-ns#type> <http://dbpedia.org/ontology/Location>} ORDER BY ASC(?objOfProp) OFFSET 0 LIMIT 1","Veliko Tarnovo–Ruse motorway"
"86","Give me the longest location in Germany?","SELECT DISTINCT ?subjOfProp WHERE {   ?subjOfProp <http://dbpedia.org/ontology/length> ?objOfProp . ?subjOfProp <http://dbpedia.org/ontology/country> <http://dbpedia.org/resource/Germany> . ?subjOfProp <http://www.w3.org/1999/02/22-rdf-syntax-ns#type> <http://dbpedia.org/ontology/Location>} ORDER BY ASC(?objOfProp) OFFSET 0 LIMIT 1","Latschensee"
"87","Tell me the longest location in Germany?","SELECT DISTINCT ?subjOfProp WHERE {   ?subjOfProp <http://dbpedia.org/ontology/length> ?objOfProp . ?subjOfProp <http://dbpedia.org/ontology/country> <http://dbpedia.org/resource/Germany> . ?subjOfProp <http://www.w3.org/1999/02/22-rdf-syntax-ns#type> <http://dbpedia.org/ontology/Location>} ORDER BY ASC(?objOfProp) OFFSET 0 LIMIT 1","Latschensee"
"88","What is the longest location in Germany?","SELECT DISTINCT ?subjOfProp WHERE {   ?subjOfProp <http://dbpedia.org/ontology/length> ?objOfProp . ?subjOfProp <http://dbpedia.org/ontology/country> <http://dbpedia.org/resource/Germany> . ?subjOfProp <http://www.w3.org/1999/02/22-rdf-syntax-ns#type> <http://dbpedia.org/ontology/Location>} ORDER BY ASC(?objOfProp) OFFSET 0 LIMIT 1","Latschensee"
"89","What was the longest location in Germany?","SELECT DISTINCT ?subjOfProp WHERE {   ?subjOfProp <http://dbpedia.org/ontology/length> ?objOfProp . ?subjOfProp <http://dbpedia.org/ontology/country> <http://dbpedia.org/resource/Germany> . ?subjOfProp <http://www.w3.org/1999/02/22-rdf-syntax-ns#type> <http://dbpedia.org/ontology/Location>} ORDER BY ASC(?objOfProp) OFFSET 0 LIMIT 1","Latschensee"
"92","Give me the longest location in Spain?","SELECT DISTINCT ?subjOfProp WHERE {   ?subjOfProp <http://dbpedia.org/ontology/length> ?objOfProp . ?subjOfProp <http://dbpedia.org/ontology/country> <http://dbpedia.org/resource/Spain> . ?subjOfProp <http://www.w3.org/1999/02/22-rdf-syntax-ns#type> <http://dbpedia.org/ontology/Location>} ORDER BY ASC(?objOfProp) OFFSET 0 LIMIT 1","El Atazar Dam"
"93","Tell me the longest location in Spain?","SELECT DISTINCT ?subjOfProp WHERE {   ?subjOfProp <http://dbpedia.org/ontology/length> ?objOfProp . ?subjOfProp <http://dbpedia.org/ontology/country> <http://dbpedia.org/resource/Spain> . ?subjOfProp <http://www.w3.org/1999/02/22-rdf-syntax-ns#type> <http://dbpedia.org/ontology/Location>} ORDER BY ASC(?objOfProp) OFFSET 0 LIMIT 1","El Atazar Dam"
"94","What is the longest location in Spain?","SELECT DISTINCT ?subjOfProp WHERE {   ?subjOfProp <http://dbpedia.org/ontology/length> ?objOfProp . ?subjOfProp <http://dbpedia.org/ontology/country> <http://dbpedia.org/resource/Spain> . ?subjOfProp <http://www.w3.org/1999/02/22-rdf-syntax-ns#type> <http://dbpedia.org/ontology/Location>} ORDER BY ASC(?objOfProp) OFFSET 0 LIMIT 1","El Atazar Dam"
"95","What was the longest location in Spain?","SELECT DISTINCT ?subjOfProp WHERE {   ?subjOfProp <http://dbpedia.org/ontology/length> ?objOfProp . ?subjOfProp <http://dbpedia.org/ontology/country> <http://dbpedia.org/resource/Spain> . ?subjOfProp <http://www.w3.org/1999/02/22-rdf-syntax-ns#type> <http://dbpedia.org/ontology/Location>} ORDER BY ASC(?objOfProp) OFFSET 0 LIMIT 1","El Atazar Dam"
"98","the longest location in the world","SELECT DISTINCT ?subjOfProp WHERE {   ?subjOfProp <http://dbpedia.org/ontology/length> ?objOfProp . ?subjOfProp <http://www.w3.org/1999/02/22-rdf-syntax-ns#type> <http://dbpedia.org/ontology/Location>} ORDER BY ASC(?objOfProp) OFFSET 0 LIMIT 1","Veliko Tarnovo–Ruse motorway"
"101","the longest location in Germany","SELECT DISTINCT ?subjOfProp WHERE {   ?subjOfProp <http://dbpedia.org/ontology/length> ?objOfProp . ?subjOfProp <http://dbpedia.org/ontology/country> <http://dbpedia.org/resource/Germany> . ?subjOfProp <http://www.w3.org/1999/02/22-rdf-syntax-ns#type> <http://dbpedia.org/ontology/Location>} ORDER BY ASC(?objOfProp) OFFSET 0 LIMIT 1","Latschensee"
"104","the longest location in Spain","SELECT DISTINCT ?subjOfProp WHERE {   ?subjOfProp <http://dbpedia.org/ontology/length> ?objOfProp . ?subjOfProp <http://dbpedia.org/ontology/country> <http://dbpedia.org/resource/Spain> . ?subjOfProp <http://www.w3.org/1999/02/22-rdf-syntax-ns#type> <http://dbpedia.org/ontology/Location>} ORDER BY ASC(?objOfProp) OFFSET 0 LIMIT 1","El Atazar Dam"
"107","Where is location in the world located?","SELECT DISTINCT ?subjOfProp WHERE {   ?subjOfProp <http://dbpedia.org/ontology/country> ?objOfProp . ?subjOfProp <http://dbpedia.org/ontology/location> ?objOfProp . ?objOfProp <http://www.w3.org/1999/02/22-rdf-syntax-ns#type> <http://dbpedia.org/ontology/Place> . ?subjOfProp <http://www.w3.org/1999/02/22-rdf-syntax-ns#type> <http://dbpedia.org/ontology/Place> . ?subjOfProp <http://www.w3.org/1999/02/22-rdf-syntax-ns#type> <http://dbpedia.org/ontology/Location>} ORDER BY ASC(?objOfProp) OFFSET 0 LIMIT 1","Mausoleum at Halicarnassus"
"110","Where is location in Germany located?","SELECT DISTINCT ?subjOfProp WHERE {   ?subjOfProp <http://dbpedia.org/ontology/country> ?objOfProp . ?subjOfProp <http://dbpedia.org/ontology/location> ?objOfProp . ?objOfProp <http://www.w3.org/1999/02/22-rdf-syntax-ns#type> <http://dbpedia.org/ontology/Place> . ?subjOfProp <http://www.w3.org/1999/02/22-rdf-syntax-ns#type> <http://dbpedia.org/ontology/Place> . ?subjOfProp <http://dbpedia.org/ontology/country> <http://dbpedia.org/resource/Germany> . ?subjOfProp <http://www.w3.org/1999/02/22-rdf-syntax-ns#type> <http://dbpedia.org/ontology/Location>} ORDER BY ASC(?objOfProp) OFFSET 0 LIMIT 1","Lake Constance"
"113","Where is location in Spain located?","SELECT DISTINCT ?subjOfProp WHERE {   ?subjOfProp <http://dbpedia.org/ontology/country> ?objOfProp . ?subjOfProp <http://dbpedia.org/ontology/location> ?objOfProp . ?objOfProp <http://www.w3.org/1999/02/22-rdf-syntax-ns#type> <http://dbpedia.org/ontology/Place> . ?subjOfProp <http://www.w3.org/1999/02/22-rdf-syntax-ns#type> <http://dbpedia.org/ontology/Place> . ?subjOfProp <http://dbpedia.org/ontology/country> <http://dbpedia.org/resource/Spain> . ?subjOfProp <http://www.w3.org/1999/02/22-rdf-syntax-ns#type> <http://dbpedia.org/ontology/Location>} ORDER BY ASC(?objOfProp) OFFSET 0 LIMIT 1","Baeza Cathedral"
"1","Give me the biggest German city?","SELECT DISTINCT ?subjOfProp WHERE {   ?subjOfProp <http://dbpedia.org/ontology/populationTotal> ?objOfProp . ?subjOfProp <http://dbpedia.org/ontology/country> <http://dbpedia.org/resource/Germany> . ?subjOfProp <http://www.w3.org/1999/02/22-rdf-syntax-ns#type> <http://dbpedia.org/ontology/City>} ORDER BY ASC(?objOfProp) OFFSET 0 LIMIT 1","Hamburg"
"2","Tell me the biggest German city?","SELECT DISTINCT ?subjOfProp WHERE {   ?subjOfProp <http://dbpedia.org/ontology/populationTotal> ?objOfProp . ?subjOfProp <http://dbpedia.org/ontology/country> <http://dbpedia.org/resource/Germany> . ?subjOfProp <http://www.w3.org/1999/02/22-rdf-syntax-ns#type> <http://dbpedia.org/ontology/City>} ORDER BY ASC(?objOfProp) OFFSET 0 LIMIT 1","Hamburg"
"3","What is the biggest German city?","SELECT DISTINCT ?subjOfProp WHERE {   ?subjOfProp <http://dbpedia.org/ontology/populationTotal> ?objOfProp . ?subjOfProp <http://dbpedia.org/ontology/country> <http://dbpedia.org/resource/Germany> . ?subjOfProp <http://www.w3.org/1999/02/22-rdf-syntax-ns#type> <http://dbpedia.org/ontology/City>} ORDER BY ASC(?objOfProp) OFFSET 0 LIMIT 1","Hamburg"
"4","What was the biggest German city?","SELECT DISTINCT ?subjOfProp WHERE {   ?subjOfProp <http://dbpedia.org/ontology/populationTotal> ?objOfProp . ?subjOfProp <http://dbpedia.org/ontology/country> <http://dbpedia.org/resource/Germany> . ?subjOfProp <http://www.w3.org/1999/02/22-rdf-syntax-ns#type> <http://dbpedia.org/ontology/City>} ORDER BY ASC(?objOfProp) OFFSET 0 LIMIT 1","Hamburg"
"7","Give me the biggest city in Germany?","SELECT DISTINCT ?subjOfProp WHERE {   ?subjOfProp <http://dbpedia.org/ontology/populationTotal> ?objOfProp . ?subjOfProp <http://dbpedia.org/ontology/country> <http://dbpedia.org/resource/Germany> . ?subjOfProp <http://www.w3.org/1999/02/22-rdf-syntax-ns#type> <http://dbpedia.org/ontology/City>} ORDER BY ASC(?objOfProp) OFFSET 0 LIMIT 1","Hamburg"
"8","Tell me the biggest city in Germany?","SELECT DISTINCT ?subjOfProp WHERE {   ?subjOfProp <http://dbpedia.org/ontology/populationTotal> ?objOfProp . ?subjOfProp <http://dbpedia.org/ontology/country> <http://dbpedia.org/resource/Germany> . ?subjOfProp <http://www.w3.org/1999/02/22-rdf-syntax-ns#type> <http://dbpedia.org/ontology/City>} ORDER BY ASC(?objOfProp) OFFSET 0 LIMIT 1","Hamburg"
"9","What is the biggest city in Germany?","SELECT DISTINCT ?subjOfProp WHERE {   ?subjOfProp <http://dbpedia.org/ontology/populationTotal> ?objOfProp . ?subjOfProp <http://dbpedia.org/ontology/country> <http://dbpedia.org/resource/Germany> . ?subjOfProp <http://www.w3.org/1999/02/22-rdf-syntax-ns#type> <http://dbpedia.org/ontology/City>} ORDER BY ASC(?objOfProp) OFFSET 0 LIMIT 1","Hamburg"
"10","What was the biggest city in Germany?","SELECT DISTINCT ?subjOfProp WHERE {   ?subjOfProp <http://dbpedia.org/ontology/populationTotal> ?objOfProp . ?subjOfProp <http://dbpedia.org/ontology/country> <http://dbpedia.org/resource/Germany> . ?subjOfProp <http://www.w3.org/1999/02/22-rdf-syntax-ns#type> <http://dbpedia.org/ontology/City>} ORDER BY ASC(?objOfProp) OFFSET 0 LIMIT 1","Hamburg"
"13","Give me the biggest Spainish city?","SELECT DISTINCT ?subjOfProp WHERE {   ?subjOfProp <http://dbpedia.org/ontology/populationTotal> ?objOfProp . ?subjOfProp <http://dbpedia.org/ontology/country> <http://dbpedia.org/resource/Spain> . ?subjOfProp <http://www.w3.org/1999/02/22-rdf-syntax-ns#type> <http://dbpedia.org/ontology/City>} ORDER BY ASC(?objOfProp) OFFSET 0 LIMIT 1","Caleta de Sebo"
"14","Tell me the biggest Spainish city?","SELECT DISTINCT ?subjOfProp WHERE {   ?subjOfProp <http://dbpedia.org/ontology/populationTotal> ?objOfProp . ?subjOfProp <http://dbpedia.org/ontology/country> <http://dbpedia.org/resource/Spain> . ?subjOfProp <http://www.w3.org/1999/02/22-rdf-syntax-ns#type> <http://dbpedia.org/ontology/City>} ORDER BY ASC(?objOfProp) OFFSET 0 LIMIT 1","Caleta de Sebo"
"15","What is the biggest Spainish city?","SELECT DISTINCT ?subjOfProp WHERE {   ?subjOfProp <http://dbpedia.org/ontology/populationTotal> ?objOfProp . ?subjOfProp <http://dbpedia.org/ontology/country> <http://dbpedia.org/resource/Spain> . ?subjOfProp <http://www.w3.org/1999/02/22-rdf-syntax-ns#type> <http://dbpedia.org/ontology/City>} ORDER BY ASC(?objOfProp) OFFSET 0 LIMIT 1","Caleta de Sebo"
"16","What was the biggest Spainish city?","SELECT DISTINCT ?subjOfProp WHERE {   ?subjOfProp <http://dbpedia.org/ontology/populationTotal> ?objOfProp . ?subjOfProp <http://dbpedia.org/ontology/country> <http://dbpedia.org/resource/Spain> . ?subjOfProp <http://www.w3.org/1999/02/22-rdf-syntax-ns#type> <http://dbpedia.org/ontology/City>} ORDER BY ASC(?objOfProp) OFFSET 0 LIMIT 1","Caleta de Sebo"
"19","Give me the biggest city in Spain?","SELECT DISTINCT ?subjOfProp WHERE {   ?subjOfProp <http://dbpedia.org/ontology/populationTotal> ?objOfProp . ?subjOfProp <http://dbpedia.org/ontology/country> <http://dbpedia.org/resource/Spain> . ?subjOfProp <http://www.w3.org/1999/02/22-rdf-syntax-ns#type> <http://dbpedia.org/ontology/City>} ORDER BY ASC(?objOfProp) OFFSET 0 LIMIT 1","Caleta de Sebo"
"20","Tell me the biggest city in Spain?","SELECT DISTINCT ?subjOfProp WHERE {   ?subjOfProp <http://dbpedia.org/ontology/populationTotal> ?objOfProp . ?subjOfProp <http://dbpedia.org/ontology/country> <http://dbpedia.org/resource/Spain> . ?subjOfProp <http://www.w3.org/1999/02/22-rdf-syntax-ns#type> <http://dbpedia.org/ontology/City>} ORDER BY ASC(?objOfProp) OFFSET 0 LIMIT 1","Caleta de Sebo"
"21","What is the biggest city in Spain?","SELECT DISTINCT ?subjOfProp WHERE {   ?subjOfProp <http://dbpedia.org/ontology/populationTotal> ?objOfProp . ?subjOfProp <http://dbpedia.org/ontology/country> <http://dbpedia.org/resource/Spain> . ?subjOfProp <http://www.w3.org/1999/02/22-rdf-syntax-ns#type> <http://dbpedia.org/ontology/City>} ORDER BY ASC(?objOfProp) OFFSET 0 LIMIT 1","Caleta de Sebo"
"22","What was the biggest city in Spain?","SELECT DISTINCT ?subjOfProp WHERE {   ?subjOfProp <http://dbpedia.org/ontology/populationTotal> ?objOfProp . ?subjOfProp <http://dbpedia.org/ontology/country> <http://dbpedia.org/resource/Spain> . ?subjOfProp <http://www.w3.org/1999/02/22-rdf-syntax-ns#type> <http://dbpedia.org/ontology/City>} ORDER BY ASC(?objOfProp) OFFSET 0 LIMIT 1","Caleta de Sebo"
"25","the biggest German city","SELECT DISTINCT ?subjOfProp WHERE {   ?subjOfProp <http://dbpedia.org/ontology/populationTotal> ?objOfProp . ?subjOfProp <http://dbpedia.org/ontology/country> <http://dbpedia.org/resource/Germany> . ?subjOfProp <http://www.w3.org/1999/02/22-rdf-syntax-ns#type> <http://dbpedia.org/ontology/City>} ORDER BY ASC(?objOfProp) OFFSET 0 LIMIT 1","Hamburg"
"28","the biggest city in Germany","SELECT DISTINCT ?subjOfProp WHERE {   ?subjOfProp <http://dbpedia.org/ontology/populationTotal> ?objOfProp . ?subjOfProp <http://dbpedia.org/ontology/country> <http://dbpedia.org/resource/Germany> . ?subjOfProp <http://www.w3.org/1999/02/22-rdf-syntax-ns#type> <http://dbpedia.org/ontology/City>} ORDER BY ASC(?objOfProp) OFFSET 0 LIMIT 1","Hamburg"
"31","the biggest Spainish city","SELECT DISTINCT ?subjOfProp WHERE {   ?subjOfProp <http://dbpedia.org/ontology/populationTotal> ?objOfProp . ?subjOfProp <http://dbpedia.org/ontology/country> <http://dbpedia.org/resource/Spain> . ?subjOfProp <http://www.w3.org/1999/02/22-rdf-syntax-ns#type> <http://dbpedia.org/ontology/City>} ORDER BY ASC(?objOfProp) OFFSET 0 LIMIT 1","Caleta de Sebo"
"34","the biggest city in Spain","SELECT DISTINCT ?subjOfProp WHERE {   ?subjOfProp <http://dbpedia.org/ontology/populationTotal> ?objOfProp . ?subjOfProp <http://dbpedia.org/ontology/country> <http://dbpedia.org/resource/Spain> . ?subjOfProp <http://www.w3.org/1999/02/22-rdf-syntax-ns#type> <http://dbpedia.org/ontology/City>} ORDER BY ASC(?objOfProp) OFFSET 0 LIMIT 1","Caleta de Sebo"
"53","Give me the biggest building in the world?","SELECT DISTINCT ?subjOfProp WHERE {   ?subjOfProp <http://dbpedia.org/ontology/seatingCapacity> ?objOfProp . ?subjOfProp <http://www.w3.org/1999/02/22-rdf-syntax-ns#type> <http://dbpedia.org/ontology/Building>} ORDER BY ASC(?objOfProp) OFFSET 0 LIMIT 1","Invicta Ground"
"54","Tell me the biggest building in the world?","SELECT DISTINCT ?subjOfProp WHERE {   ?subjOfProp <http://dbpedia.org/ontology/seatingCapacity> ?objOfProp . ?subjOfProp <http://www.w3.org/1999/02/22-rdf-syntax-ns#type> <http://dbpedia.org/ontology/Building>} ORDER BY ASC(?objOfProp) OFFSET 0 LIMIT 1","Invicta Ground"
"55","What is the biggest building in the world?","SELECT DISTINCT ?subjOfProp WHERE {   ?subjOfProp <http://dbpedia.org/ontology/seatingCapacity> ?objOfProp . ?subjOfProp <http://www.w3.org/1999/02/22-rdf-syntax-ns#type> <http://dbpedia.org/ontology/Building>} ORDER BY ASC(?objOfProp) OFFSET 0 LIMIT 1","Invicta Ground"
"56","What was the biggest building in the world?","SELECT DISTINCT ?subjOfProp WHERE {   ?subjOfProp <http://dbpedia.org/ontology/seatingCapacity> ?objOfProp . ?subjOfProp <http://www.w3.org/1999/02/22-rdf-syntax-ns#type> <http://dbpedia.org/ontology/Building>} ORDER BY ASC(?objOfProp) OFFSET 0 LIMIT 1","Invicta Ground"
"59","Give me the biggest building in Germany?","SELECT DISTINCT ?subjOfProp WHERE {   ?subjOfProp <http://dbpedia.org/ontology/seatingCapacity> ?objOfProp . ?subjOfProp <http://dbpedia.org/ontology/country> <http://dbpedia.org/resource/Germany> . ?subjOfProp <http://www.w3.org/1999/02/22-rdf-syntax-ns#type> <http://dbpedia.org/ontology/Building>} ORDER BY ASC(?objOfProp) OFFSET 0 LIMIT 1","Oldenburgisches Staatstheater"
"60","Tell me the biggest building in Germany?","SELECT DISTINCT ?subjOfProp WHERE {   ?subjOfProp <http://dbpedia.org/ontology/seatingCapacity> ?objOfProp . ?subjOfProp <http://dbpedia.org/ontology/country> <http://dbpedia.org/resource/Germany> . ?subjOfProp <http://www.w3.org/1999/02/22-rdf-syntax-ns#type> <http://dbpedia.org/ontology/Building>} ORDER BY ASC(?objOfProp) OFFSET 0 LIMIT 1","Oldenburgisches Staatstheater"
"61","What is the biggest building in Germany?","SELECT DISTINCT ?subjOfProp WHERE {   ?subjOfProp <http://dbpedia.org/ontology/seatingCapacity> ?objOfProp . ?subjOfProp <http://dbpedia.org/ontology/country> <http://dbpedia.org/resource/Germany> . ?subjOfProp <http://www.w3.org/1999/02/22-rdf-syntax-ns#type> <http://dbpedia.org/ontology/Building>} ORDER BY ASC(?objOfProp) OFFSET 0 LIMIT 1","Oldenburgisches Staatstheater"
"62","What was the biggest building in Germany?","SELECT DISTINCT ?subjOfProp WHERE {   ?subjOfProp <http://dbpedia.org/ontology/seatingCapacity> ?objOfProp . ?subjOfProp <http://dbpedia.org/ontology/country> <http://dbpedia.org/resource/Germany> . ?subjOfProp <http://www.w3.org/1999/02/22-rdf-syntax-ns#type> <http://dbpedia.org/ontology/Building>} ORDER BY ASC(?objOfProp) OFFSET 0 LIMIT 1","Oldenburgisches Staatstheater"
"65","Give me the biggest building in Spain?","SELECT DISTINCT ?subjOfProp WHERE {   ?subjOfProp <http://dbpedia.org/ontology/seatingCapacity> ?objOfProp . ?subjOfProp <http://dbpedia.org/ontology/country> <http://dbpedia.org/resource/Spain> . ?subjOfProp <http://www.w3.org/1999/02/22-rdf-syntax-ns#type> <http://dbpedia.org/ontology/Building>} ORDER BY ASC(?objOfProp) OFFSET 0 LIMIT 1","Pedro Muñoz Seca Municipal Theater"
"66","Tell me the biggest building in Spain?","SELECT DISTINCT ?subjOfProp WHERE {   ?subjOfProp <http://dbpedia.org/ontology/seatingCapacity> ?objOfProp . ?subjOfProp <http://dbpedia.org/ontology/country> <http://dbpedia.org/resource/Spain> . ?subjOfProp <http://www.w3.org/1999/02/22-rdf-syntax-ns#type> <http://dbpedia.org/ontology/Building>} ORDER BY ASC(?objOfProp) OFFSET 0 LIMIT 1","Pedro Muñoz Seca Municipal Theater"
"67","What is the biggest building in Spain?","SELECT DISTINCT ?subjOfProp WHERE {   ?subjOfProp <http://dbpedia.org/ontology/seatingCapacity> ?objOfProp . ?subjOfProp <http://dbpedia.org/ontology/country> <http://dbpedia.org/resource/Spain> . ?subjOfProp <http://www.w3.org/1999/02/22-rdf-syntax-ns#type> <http://dbpedia.org/ontology/Building>} ORDER BY ASC(?objOfProp) OFFSET 0 LIMIT 1","Pedro Muñoz Seca Municipal Theater"
"68","What was the biggest building in Spain?","SELECT DISTINCT ?subjOfProp WHERE {   ?subjOfProp <http://dbpedia.org/ontology/seatingCapacity> ?objOfProp . ?subjOfProp <http://dbpedia.org/ontology/country> <http://dbpedia.org/resource/Spain> . ?subjOfProp <http://www.w3.org/1999/02/22-rdf-syntax-ns#type> <http://dbpedia.org/ontology/Building>} ORDER BY ASC(?objOfProp) OFFSET 0 LIMIT 1","Pedro Muñoz Seca Municipal Theater"
"71","the biggest building in the world","SELECT DISTINCT ?subjOfProp WHERE {   ?subjOfProp <http://dbpedia.org/ontology/seatingCapacity> ?objOfProp . ?subjOfProp <http://www.w3.org/1999/02/22-rdf-syntax-ns#type> <http://dbpedia.org/ontology/Building>} ORDER BY ASC(?objOfProp) OFFSET 0 LIMIT 1","Invicta Ground"
"74","the biggest building in Germany","SELECT DISTINCT ?subjOfProp WHERE {   ?subjOfProp <http://dbpedia.org/ontology/seatingCapacity> ?objOfProp . ?subjOfProp <http://dbpedia.org/ontology/country> <http://dbpedia.org/resource/Germany> . ?subjOfProp <http://www.w3.org/1999/02/22-rdf-syntax-ns#type> <http://dbpedia.org/ontology/Building>} ORDER BY ASC(?objOfProp) OFFSET 0 LIMIT 1","Oldenburgisches Staatstheater"
"77","the biggest building in Spain","SELECT DISTINCT ?subjOfProp WHERE {   ?subjOfProp <http://dbpedia.org/ontology/seatingCapacity> ?objOfProp . ?subjOfProp <http://dbpedia.org/ontology/country> <http://dbpedia.org/resource/Spain> . ?subjOfProp <http://www.w3.org/1999/02/22-rdf-syntax-ns#type> <http://dbpedia.org/ontology/Building>} ORDER BY ASC(?objOfProp) OFFSET 0 LIMIT 1","Pedro Muñoz Seca Municipal Theater"
"92","Give me the biggest architecture structure in the world?","SELECT DISTINCT ?subjOfProp WHERE {   ?subjOfProp <http://dbpedia.org/ontology/seatingCapacity> ?objOfProp . ?subjOfProp <http://www.w3.org/1999/02/22-rdf-syntax-ns#type> <http://dbpedia.org/ontology/ArchitecturalStructure>} ORDER BY ASC(?objOfProp) OFFSET 0 LIMIT 1","Invicta Ground"
"93","Tell me the biggest architecture structure in the world?","SELECT DISTINCT ?subjOfProp WHERE {   ?subjOfProp <http://dbpedia.org/ontology/seatingCapacity> ?objOfProp . ?subjOfProp <http://www.w3.org/1999/02/22-rdf-syntax-ns#type> <http://dbpedia.org/ontology/ArchitecturalStructure>} ORDER BY ASC(?objOfProp) OFFSET 0 LIMIT 1","Invicta Ground"
"94","What is the biggest architecture structure in the world?","SELECT DISTINCT ?subjOfProp WHERE {   ?subjOfProp <http://dbpedia.org/ontology/seatingCapacity> ?objOfProp . ?subjOfProp <http://www.w3.org/1999/02/22-rdf-syntax-ns#type> <http://dbpedia.org/ontology/ArchitecturalStructure>} ORDER BY ASC(?objOfProp) OFFSET 0 LIMIT 1","Invicta Ground"
"95","What was the biggest architecture structure in the world?","SELECT DISTINCT ?subjOfProp WHERE {   ?subjOfProp <http://dbpedia.org/ontology/seatingCapacity> ?objOfProp . ?subjOfProp <http://www.w3.org/1999/02/22-rdf-syntax-ns#type> <http://dbpedia.org/ontology/ArchitecturalStructure>} ORDER BY ASC(?objOfProp) OFFSET 0 LIMIT 1","Invicta Ground"
"98","Give me the biggest architectural structure in Germany?","SELECT DISTINCT ?subjOfProp WHERE {   ?subjOfProp <http://dbpedia.org/ontology/seatingCapacity> ?objOfProp . ?subjOfProp <http://dbpedia.org/ontology/country> <http://dbpedia.org/resource/Germany> . ?subjOfProp <http://www.w3.org/1999/02/22-rdf-syntax-ns#type> <http://dbpedia.org/ontology/ArchitecturalStructure>} ORDER BY ASC(?objOfProp) OFFSET 0 LIMIT 1","Oldenburgisches Staatstheater"
"99","Tell me the biggest architectural structure in Germany?","SELECT DISTINCT ?subjOfProp WHERE {   ?subjOfProp <http://dbpedia.org/ontology/seatingCapacity> ?objOfProp . ?subjOfProp <http://dbpedia.org/ontology/country> <http://dbpedia.org/resource/Germany> . ?subjOfProp <http://www.w3.org/1999/02/22-rdf-syntax-ns#type> <http://dbpedia.org/ontology/ArchitecturalStructure>} ORDER BY ASC(?objOfProp) OFFSET 0 LIMIT 1","Oldenburgisches Staatstheater"
"100","What is the biggest architectural structure in Germany?","SELECT DISTINCT ?subjOfProp WHERE {   ?subjOfProp <http://dbpedia.org/ontology/seatingCapacity> ?objOfProp . ?subjOfProp <http://dbpedia.org/ontology/country> <http://dbpedia.org/resource/Germany> . ?subjOfProp <http://www.w3.org/1999/02/22-rdf-syntax-ns#type> <http://dbpedia.org/ontology/ArchitecturalStructure>} ORDER BY ASC(?objOfProp) OFFSET 0 LIMIT 1","Oldenburgisches Staatstheater"
"101","What was the biggest architectural structure in Germany?","SELECT DISTINCT ?subjOfProp WHERE {   ?subjOfProp <http://dbpedia.org/ontology/seatingCapacity> ?objOfProp . ?subjOfProp <http://dbpedia.org/ontology/country> <http://dbpedia.org/resource/Germany> . ?subjOfProp <http://www.w3.org/1999/02/22-rdf-syntax-ns#type> <http://dbpedia.org/ontology/ArchitecturalStructure>} ORDER BY ASC(?objOfProp) OFFSET 0 LIMIT 1","Oldenburgisches Staatstheater"
"104","Give me the biggest architectural structure in Spain?","SELECT DISTINCT ?subjOfProp WHERE {   ?subjOfProp <http://dbpedia.org/ontology/seatingCapacity> ?objOfProp . ?subjOfProp <http://dbpedia.org/ontology/country> <http://dbpedia.org/resource/Spain> . ?subjOfProp <http://www.w3.org/1999/02/22-rdf-syntax-ns#type> <http://dbpedia.org/ontology/ArchitecturalStructure>} ORDER BY ASC(?objOfProp) OFFSET 0 LIMIT 1","Pedro Muñoz Seca Municipal Theater"
"105","Tell me the biggest architectural structure in Spain?","SELECT DISTINCT ?subjOfProp WHERE {   ?subjOfProp <http://dbpedia.org/ontology/seatingCapacity> ?objOfProp . ?subjOfProp <http://dbpedia.org/ontology/country> <http://dbpedia.org/resource/Spain> . ?subjOfProp <http://www.w3.org/1999/02/22-rdf-syntax-ns#type> <http://dbpedia.org/ontology/ArchitecturalStructure>} ORDER BY ASC(?objOfProp) OFFSET 0 LIMIT 1","Pedro Muñoz Seca Municipal Theater"
"106","What is the biggest architectural structure in Spain?","SELECT DISTINCT ?subjOfProp WHERE {   ?subjOfProp <http://dbpedia.org/ontology/seatingCapacity> ?objOfProp . ?subjOfProp <http://dbpedia.org/ontology/country> <http://dbpedia.org/resource/Spain> . ?subjOfProp <http://www.w3.org/1999/02/22-rdf-syntax-ns#type> <http://dbpedia.org/ontology/ArchitecturalStructure>} ORDER BY ASC(?objOfProp) OFFSET 0 LIMIT 1","Pedro Muñoz Seca Municipal Theater"
"107","What was the biggest architectural structure in Spain?","SELECT DISTINCT ?subjOfProp WHERE {   ?subjOfProp <http://dbpedia.org/ontology/seatingCapacity> ?objOfProp . ?subjOfProp <http://dbpedia.org/ontology/country> <http://dbpedia.org/resource/Spain> . ?subjOfProp <http://www.w3.org/1999/02/22-rdf-syntax-ns#type> <http://dbpedia.org/ontology/ArchitecturalStructure>} ORDER BY ASC(?objOfProp) OFFSET 0 LIMIT 1","Pedro Muñoz Seca Municipal Theater"
"110","the biggest architecture structure in the world","SELECT DISTINCT ?subjOfProp WHERE {   ?subjOfProp <http://dbpedia.org/ontology/seatingCapacity> ?objOfProp . ?subjOfProp <http://www.w3.org/1999/02/22-rdf-syntax-ns#type> <http://dbpedia.org/ontology/ArchitecturalStructure>} ORDER BY ASC(?objOfProp) OFFSET 0 LIMIT 1","Invicta Ground"
"113","the biggest architectural structure in Germany","SELECT DISTINCT ?subjOfProp WHERE {   ?subjOfProp <http://dbpedia.org/ontology/seatingCapacity> ?objOfProp . ?subjOfProp <http://dbpedia.org/ontology/country> <http://dbpedia.org/resource/Germany> . ?subjOfProp <http://www.w3.org/1999/02/22-rdf-syntax-ns#type> <http://dbpedia.org/ontology/ArchitecturalStructure>} ORDER BY ASC(?objOfProp) OFFSET 0 LIMIT 1","Oldenburgisches Staatstheater"
"116","the biggest architectural structure in Spain","SELECT DISTINCT ?subjOfProp WHERE {   ?subjOfProp <http://dbpedia.org/ontology/seatingCapacity> ?objOfProp . ?subjOfProp <http://dbpedia.org/ontology/country> <http://dbpedia.org/resource/Spain> . ?subjOfProp <http://www.w3.org/1999/02/22-rdf-syntax-ns#type> <http://dbpedia.org/ontology/ArchitecturalStructure>} ORDER BY ASC(?objOfProp) OFFSET 0 LIMIT 1","Pedro Muñoz Seca Municipal Theater"
"1","Give me the smallest German city?","SELECT DISTINCT ?subjOfProp WHERE {   ?subjOfProp <http://dbpedia.org/ontology/populationTotal> ?objOfProp . ?subjOfProp <http://dbpedia.org/ontology/country> <http://dbpedia.org/resource/Germany> . ?subjOfProp <http://www.w3.org/1999/02/22-rdf-syntax-ns#type> <http://dbpedia.org/ontology/City>} ORDER BY ASC(?objOfProp) OFFSET 0 LIMIT 1","Hamburg"
"2","Tell me the smallest German city?","SELECT DISTINCT ?subjOfProp WHERE {   ?subjOfProp <http://dbpedia.org/ontology/populationTotal> ?objOfProp . ?subjOfProp <http://dbpedia.org/ontology/country> <http://dbpedia.org/resource/Germany> . ?subjOfProp <http://www.w3.org/1999/02/22-rdf-syntax-ns#type> <http://dbpedia.org/ontology/City>} ORDER BY ASC(?objOfProp) OFFSET 0 LIMIT 1","Hamburg"
"3","What is the smallest German city?","SELECT DISTINCT ?subjOfProp WHERE {   ?subjOfProp <http://dbpedia.org/ontology/populationTotal> ?objOfProp . ?subjOfProp <http://dbpedia.org/ontology/country> <http://dbpedia.org/resource/Germany> . ?subjOfProp <http://www.w3.org/1999/02/22-rdf-syntax-ns#type> <http://dbpedia.org/ontology/City>} ORDER BY ASC(?objOfProp) OFFSET 0 LIMIT 1","Hamburg"
"4","What was the smallest German city?","SELECT DISTINCT ?subjOfProp WHERE {   ?subjOfProp <http://dbpedia.org/ontology/populationTotal> ?objOfProp . ?subjOfProp <http://dbpedia.org/ontology/country> <http://dbpedia.org/resource/Germany> . ?subjOfProp <http://www.w3.org/1999/02/22-rdf-syntax-ns#type> <http://dbpedia.org/ontology/City>} ORDER BY ASC(?objOfProp) OFFSET 0 LIMIT 1","Hamburg"
"7","Give me the smallest city in Germany?","SELECT DISTINCT ?subjOfProp WHERE {   ?subjOfProp <http://dbpedia.org/ontology/populationTotal> ?objOfProp . ?subjOfProp <http://dbpedia.org/ontology/country> <http://dbpedia.org/resource/Germany> . ?subjOfProp <http://www.w3.org/1999/02/22-rdf-syntax-ns#type> <http://dbpedia.org/ontology/City>} ORDER BY ASC(?objOfProp) OFFSET 0 LIMIT 1","Hamburg"
"8","Tell me the smallest city in Germany?","SELECT DISTINCT ?subjOfProp WHERE {   ?subjOfProp <http://dbpedia.org/ontology/populationTotal> ?objOfProp . ?subjOfProp <http://dbpedia.org/ontology/country> <http://dbpedia.org/resource/Germany> . ?subjOfProp <http://www.w3.org/1999/02/22-rdf-syntax-ns#type> <http://dbpedia.org/ontology/City>} ORDER BY ASC(?objOfProp) OFFSET 0 LIMIT 1","Hamburg"
"9","What is the smallest city in Germany?","SELECT DISTINCT ?subjOfProp WHERE {   ?subjOfProp <http://dbpedia.org/ontology/populationTotal> ?objOfProp . ?subjOfProp <http://dbpedia.org/ontology/country> <http://dbpedia.org/resource/Germany> . ?subjOfProp <http://www.w3.org/1999/02/22-rdf-syntax-ns#type> <http://dbpedia.org/ontology/City>} ORDER BY ASC(?objOfProp) OFFSET 0 LIMIT 1","Hamburg"
"10","What was the smallest city in Germany?","SELECT DISTINCT ?subjOfProp WHERE {   ?subjOfProp <http://dbpedia.org/ontology/populationTotal> ?objOfProp . ?subjOfProp <http://dbpedia.org/ontology/country> <http://dbpedia.org/resource/Germany> . ?subjOfProp <http://www.w3.org/1999/02/22-rdf-syntax-ns#type> <http://dbpedia.org/ontology/City>} ORDER BY ASC(?objOfProp) OFFSET 0 LIMIT 1","Hamburg"
"13","Give me the smallest Spainish city?","SELECT DISTINCT ?subjOfProp WHERE {   ?subjOfProp <http://dbpedia.org/ontology/populationTotal> ?objOfProp . ?subjOfProp <http://dbpedia.org/ontology/country> <http://dbpedia.org/resource/Spain> . ?subjOfProp <http://www.w3.org/1999/02/22-rdf-syntax-ns#type> <http://dbpedia.org/ontology/City>} ORDER BY ASC(?objOfProp) OFFSET 0 LIMIT 1","Caleta de Sebo"
"14","Tell me the smallest Spainish city?","SELECT DISTINCT ?subjOfProp WHERE {   ?subjOfProp <http://dbpedia.org/ontology/populationTotal> ?objOfProp . ?subjOfProp <http://dbpedia.org/ontology/country> <http://dbpedia.org/resource/Spain> . ?subjOfProp <http://www.w3.org/1999/02/22-rdf-syntax-ns#type> <http://dbpedia.org/ontology/City>} ORDER BY ASC(?objOfProp) OFFSET 0 LIMIT 1","Caleta de Sebo"
"15","What is the smallest Spainish city?","SELECT DISTINCT ?subjOfProp WHERE {   ?subjOfProp <http://dbpedia.org/ontology/populationTotal> ?objOfProp . ?subjOfProp <http://dbpedia.org/ontology/country> <http://dbpedia.org/resource/Spain> . ?subjOfProp <http://www.w3.org/1999/02/22-rdf-syntax-ns#type> <http://dbpedia.org/ontology/City>} ORDER BY ASC(?objOfProp) OFFSET 0 LIMIT 1","Caleta de Sebo"
"16","What was the smallest Spainish city?","SELECT DISTINCT ?subjOfProp WHERE {   ?subjOfProp <http://dbpedia.org/ontology/populationTotal> ?objOfProp . ?subjOfProp <http://dbpedia.org/ontology/country> <http://dbpedia.org/resource/Spain> . ?subjOfProp <http://www.w3.org/1999/02/22-rdf-syntax-ns#type> <http://dbpedia.org/ontology/City>} ORDER BY ASC(?objOfProp) OFFSET 0 LIMIT 1","Caleta de Sebo"
"19","Give me the smallest city in Spain?","SELECT DISTINCT ?subjOfProp WHERE {   ?subjOfProp <http://dbpedia.org/ontology/populationTotal> ?objOfProp . ?subjOfProp <http://dbpedia.org/ontology/country> <http://dbpedia.org/resource/Spain> . ?subjOfProp <http://www.w3.org/1999/02/22-rdf-syntax-ns#type> <http://dbpedia.org/ontology/City>} ORDER BY ASC(?objOfProp) OFFSET 0 LIMIT 1","Caleta de Sebo"
"20","Tell me the smallest city in Spain?","SELECT DISTINCT ?subjOfProp WHERE {   ?subjOfProp <http://dbpedia.org/ontology/populationTotal> ?objOfProp . ?subjOfProp <http://dbpedia.org/ontology/country> <http://dbpedia.org/resource/Spain> . ?subjOfProp <http://www.w3.org/1999/02/22-rdf-syntax-ns#type> <http://dbpedia.org/ontology/City>} ORDER BY ASC(?objOfProp) OFFSET 0 LIMIT 1","Caleta de Sebo"
"21","What is the smallest city in Spain?","SELECT DISTINCT ?subjOfProp WHERE {   ?subjOfProp <http://dbpedia.org/ontology/populationTotal> ?objOfProp . ?subjOfProp <http://dbpedia.org/ontology/country> <http://dbpedia.org/resource/Spain> . ?subjOfProp <http://www.w3.org/1999/02/22-rdf-syntax-ns#type> <http://dbpedia.org/ontology/City>} ORDER BY ASC(?objOfProp) OFFSET 0 LIMIT 1","Caleta de Sebo"
"22","What was the smallest city in Spain?","SELECT DISTINCT ?subjOfProp WHERE {   ?subjOfProp <http://dbpedia.org/ontology/populationTotal> ?objOfProp . ?subjOfProp <http://dbpedia.org/ontology/country> <http://dbpedia.org/resource/Spain> . ?subjOfProp <http://www.w3.org/1999/02/22-rdf-syntax-ns#type> <http://dbpedia.org/ontology/City>} ORDER BY ASC(?objOfProp) OFFSET 0 LIMIT 1","Caleta de Sebo"
"25","the smallest German city","SELECT DISTINCT ?subjOfProp WHERE {   ?subjOfProp <http://dbpedia.org/ontology/populationTotal> ?objOfProp . ?subjOfProp <http://dbpedia.org/ontology/country> <http://dbpedia.org/resource/Germany> . ?subjOfProp <http://www.w3.org/1999/02/22-rdf-syntax-ns#type> <http://dbpedia.org/ontology/City>} ORDER BY ASC(?objOfProp) OFFSET 0 LIMIT 1","Hamburg"
"28","the smallest city in Germany","SELECT DISTINCT ?subjOfProp WHERE {   ?subjOfProp <http://dbpedia.org/ontology/populationTotal> ?objOfProp . ?subjOfProp <http://dbpedia.org/ontology/country> <http://dbpedia.org/resource/Germany> . ?subjOfProp <http://www.w3.org/1999/02/22-rdf-syntax-ns#type> <http://dbpedia.org/ontology/City>} ORDER BY ASC(?objOfProp) OFFSET 0 LIMIT 1","Hamburg"
"31","the smallest Spainish city","SELECT DISTINCT ?subjOfProp WHERE {   ?subjOfProp <http://dbpedia.org/ontology/populationTotal> ?objOfProp . ?subjOfProp <http://dbpedia.org/ontology/country> <http://dbpedia.org/resource/Spain> . ?subjOfProp <http://www.w3.org/1999/02/22-rdf-syntax-ns#type> <http://dbpedia.org/ontology/City>} ORDER BY ASC(?objOfProp) OFFSET 0 LIMIT 1","Caleta de Sebo"
"34","the smallest city in Spain","SELECT DISTINCT ?subjOfProp WHERE {   ?subjOfProp <http://dbpedia.org/ontology/populationTotal> ?objOfProp . ?subjOfProp <http://dbpedia.org/ontology/country> <http://dbpedia.org/resource/Spain> . ?subjOfProp <http://www.w3.org/1999/02/22-rdf-syntax-ns#type> <http://dbpedia.org/ontology/City>} ORDER BY ASC(?objOfProp) OFFSET 0 LIMIT 1","Caleta de Sebo"
"1","Give me the tallest bridge in the world?","SELECT DISTINCT ?subjOfProp WHERE {   ?subjOfProp <http://dbpedia.org/ontology/height> ?objOfProp . ?subjOfProp <http://www.w3.org/1999/02/22-rdf-syntax-ns#type> <http://dbpedia.org/ontology/Bridge>} ORDER BY ASC(?objOfProp) OFFSET 0 LIMIT 1","Holzbrücke Rapperswil-Hurden"
"2","Tell me the tallest bridge in the world?","SELECT DISTINCT ?subjOfProp WHERE {   ?subjOfProp <http://dbpedia.org/ontology/height> ?objOfProp . ?subjOfProp <http://www.w3.org/1999/02/22-rdf-syntax-ns#type> <http://dbpedia.org/ontology/Bridge>} ORDER BY ASC(?objOfProp) OFFSET 0 LIMIT 1","Holzbrücke Rapperswil-Hurden"
"3","What is the tallest bridge in the world?","SELECT DISTINCT ?subjOfProp WHERE {   ?subjOfProp <http://dbpedia.org/ontology/height> ?objOfProp . ?subjOfProp <http://www.w3.org/1999/02/22-rdf-syntax-ns#type> <http://dbpedia.org/ontology/Bridge>} ORDER BY ASC(?objOfProp) OFFSET 0 LIMIT 1","Holzbrücke Rapperswil-Hurden"
"4","What was the tallest bridge in the world?","SELECT DISTINCT ?subjOfProp WHERE {   ?subjOfProp <http://dbpedia.org/ontology/height> ?objOfProp . ?subjOfProp <http://www.w3.org/1999/02/22-rdf-syntax-ns#type> <http://dbpedia.org/ontology/Bridge>} ORDER BY ASC(?objOfProp) OFFSET 0 LIMIT 1","Holzbrücke Rapperswil-Hurden"
"17","Give me the tallest architecture structure in the world?","SELECT DISTINCT ?subjOfProp WHERE {   ?subjOfProp <http://dbpedia.org/ontology/elevation> ?objOfProp . ?subjOfProp <http://www.w3.org/1999/02/22-rdf-syntax-ns#type> <http://dbpedia.org/ontology/ArchitecturalStructure>} ORDER BY ASC(?objOfProp) OFFSET 0 LIMIT 1","Bar Yehuda Airfield"
"18","Tell me the tallest architecture structure in the world?","SELECT DISTINCT ?subjOfProp WHERE {   ?subjOfProp <http://dbpedia.org/ontology/elevation> ?objOfProp . ?subjOfProp <http://www.w3.org/1999/02/22-rdf-syntax-ns#type> <http://dbpedia.org/ontology/ArchitecturalStructure>} ORDER BY ASC(?objOfProp) OFFSET 0 LIMIT 1","Bar Yehuda Airfield"
"19","What is the tallest architecture structure in the world?","SELECT DISTINCT ?subjOfProp WHERE {   ?subjOfProp <http://dbpedia.org/ontology/elevation> ?objOfProp . ?subjOfProp <http://www.w3.org/1999/02/22-rdf-syntax-ns#type> <http://dbpedia.org/ontology/ArchitecturalStructure>} ORDER BY ASC(?objOfProp) OFFSET 0 LIMIT 1","Bar Yehuda Airfield"
"20","What was the tallest architecture structure in the world?","SELECT DISTINCT ?subjOfProp WHERE {   ?subjOfProp <http://dbpedia.org/ontology/elevation> ?objOfProp . ?subjOfProp <http://www.w3.org/1999/02/22-rdf-syntax-ns#type> <http://dbpedia.org/ontology/ArchitecturalStructure>} ORDER BY ASC(?objOfProp) OFFSET 0 LIMIT 1","Bar Yehuda Airfield"
"23","Give me the tallest architectural structure in Germany?","SELECT DISTINCT ?subjOfProp WHERE {   ?subjOfProp <http://dbpedia.org/ontology/elevation> ?objOfProp . ?subjOfProp <http://dbpedia.org/ontology/country> <http://dbpedia.org/resource/Germany> . ?subjOfProp <http://www.w3.org/1999/02/22-rdf-syntax-ns#type> <http://dbpedia.org/ontology/ArchitecturalStructure>} ORDER BY ASC(?objOfProp) OFFSET 0 LIMIT 1","Wallroda Dam"
"24","Tell me the tallest architectural structure in Germany?","SELECT DISTINCT ?subjOfProp WHERE {   ?subjOfProp <http://dbpedia.org/ontology/elevation> ?objOfProp . ?subjOfProp <http://dbpedia.org/ontology/country> <http://dbpedia.org/resource/Germany> . ?subjOfProp <http://www.w3.org/1999/02/22-rdf-syntax-ns#type> <http://dbpedia.org/ontology/ArchitecturalStructure>} ORDER BY ASC(?objOfProp) OFFSET 0 LIMIT 1","Wallroda Dam"
"25","What is the tallest architectural structure in Germany?","SELECT DISTINCT ?subjOfProp WHERE {   ?subjOfProp <http://dbpedia.org/ontology/elevation> ?objOfProp . ?subjOfProp <http://dbpedia.org/ontology/country> <http://dbpedia.org/resource/Germany> . ?subjOfProp <http://www.w3.org/1999/02/22-rdf-syntax-ns#type> <http://dbpedia.org/ontology/ArchitecturalStructure>} ORDER BY ASC(?objOfProp) OFFSET 0 LIMIT 1","Wallroda Dam"
"26","What was the tallest architectural structure in Germany?","SELECT DISTINCT ?subjOfProp WHERE {   ?subjOfProp <http://dbpedia.org/ontology/elevation> ?objOfProp . ?subjOfProp <http://dbpedia.org/ontology/country> <http://dbpedia.org/resource/Germany> . ?subjOfProp <http://www.w3.org/1999/02/22-rdf-syntax-ns#type> <http://dbpedia.org/ontology/ArchitecturalStructure>} ORDER BY ASC(?objOfProp) OFFSET 0 LIMIT 1","Wallroda Dam"
"29","Give me the tallest architectural structure in Spain?","SELECT DISTINCT ?subjOfProp WHERE {   ?subjOfProp <http://dbpedia.org/ontology/elevation> ?objOfProp . ?subjOfProp <http://dbpedia.org/ontology/country> <http://dbpedia.org/resource/Spain> . ?subjOfProp <http://www.w3.org/1999/02/22-rdf-syntax-ns#type> <http://dbpedia.org/ontology/ArchitecturalStructure>} ORDER BY ASC(?objOfProp) OFFSET 0 LIMIT 1","El Salto Dam"
"30","Tell me the tallest architectural structure in Spain?","SELECT DISTINCT ?subjOfProp WHERE {   ?subjOfProp <http://dbpedia.org/ontology/elevation> ?objOfProp . ?subjOfProp <http://dbpedia.org/ontology/country> <http://dbpedia.org/resource/Spain> . ?subjOfProp <http://www.w3.org/1999/02/22-rdf-syntax-ns#type> <http://dbpedia.org/ontology/ArchitecturalStructure>} ORDER BY ASC(?objOfProp) OFFSET 0 LIMIT 1","El Salto Dam"
"31","What is the tallest architectural structure in Spain?","SELECT DISTINCT ?subjOfProp WHERE {   ?subjOfProp <http://dbpedia.org/ontology/elevation> ?objOfProp . ?subjOfProp <http://dbpedia.org/ontology/country> <http://dbpedia.org/resource/Spain> . ?subjOfProp <http://www.w3.org/1999/02/22-rdf-syntax-ns#type> <http://dbpedia.org/ontology/ArchitecturalStructure>} ORDER BY ASC(?objOfProp) OFFSET 0 LIMIT 1","El Salto Dam"
"32","What was the tallest architectural structure in Spain?","SELECT DISTINCT ?subjOfProp WHERE {   ?subjOfProp <http://dbpedia.org/ontology/elevation> ?objOfProp . ?subjOfProp <http://dbpedia.org/ontology/country> <http://dbpedia.org/resource/Spain> . ?subjOfProp <http://www.w3.org/1999/02/22-rdf-syntax-ns#type> <http://dbpedia.org/ontology/ArchitecturalStructure>} ORDER BY ASC(?objOfProp) OFFSET 0 LIMIT 1","El Salto Dam"
"35","the tallest architecture structure in the world","SELECT DISTINCT ?subjOfProp WHERE {   ?subjOfProp <http://dbpedia.org/ontology/elevation> ?objOfProp . ?subjOfProp <http://www.w3.org/1999/02/22-rdf-syntax-ns#type> <http://dbpedia.org/ontology/ArchitecturalStructure>} ORDER BY ASC(?objOfProp) OFFSET 0 LIMIT 1","Bar Yehuda Airfield"
"38","the tallest architectural structure in Germany","SELECT DISTINCT ?subjOfProp WHERE {   ?subjOfProp <http://dbpedia.org/ontology/elevation> ?objOfProp . ?subjOfProp <http://dbpedia.org/ontology/country> <http://dbpedia.org/resource/Germany> . ?subjOfProp <http://www.w3.org/1999/02/22-rdf-syntax-ns#type> <http://dbpedia.org/ontology/ArchitecturalStructure>} ORDER BY ASC(?objOfProp) OFFSET 0 LIMIT 1","Wallroda Dam"
"41","the tallest architectural structure in Spain","SELECT DISTINCT ?subjOfProp WHERE {   ?subjOfProp <http://dbpedia.org/ontology/elevation> ?objOfProp . ?subjOfProp <http://dbpedia.org/ontology/country> <http://dbpedia.org/resource/Spain> . ?subjOfProp <http://www.w3.org/1999/02/22-rdf-syntax-ns#type> <http://dbpedia.org/ontology/ArchitecturalStructure>} ORDER BY ASC(?objOfProp) OFFSET 0 LIMIT 1","El Salto Dam"
"44","Give me the tallest building in the world?","SELECT DISTINCT ?subjOfProp WHERE {   ?subjOfProp <http://dbpedia.org/ontology/height> ?objOfProp . ?subjOfProp <http://www.w3.org/1999/02/22-rdf-syntax-ns#type> <http://dbpedia.org/ontology/Building>} ORDER BY ASC(?objOfProp) OFFSET 0 LIMIT 1","Malecón, Havana"
"45","Tell me the tallest building in the world?","SELECT DISTINCT ?subjOfProp WHERE {   ?subjOfProp <http://dbpedia.org/ontology/height> ?objOfProp . ?subjOfProp <http://www.w3.org/1999/02/22-rdf-syntax-ns#type> <http://dbpedia.org/ontology/Building>} ORDER BY ASC(?objOfProp) OFFSET 0 LIMIT 1","Malecón, Havana"
"46","What is the tallest building in the world?","SELECT DISTINCT ?subjOfProp WHERE {   ?subjOfProp <http://dbpedia.org/ontology/height> ?objOfProp . ?subjOfProp <http://www.w3.org/1999/02/22-rdf-syntax-ns#type> <http://dbpedia.org/ontology/Building>} ORDER BY ASC(?objOfProp) OFFSET 0 LIMIT 1","Malecón, Havana"
"47","What was the tallest building in the world?","SELECT DISTINCT ?subjOfProp WHERE {   ?subjOfProp <http://dbpedia.org/ontology/height> ?objOfProp . ?subjOfProp <http://www.w3.org/1999/02/22-rdf-syntax-ns#type> <http://dbpedia.org/ontology/Building>} ORDER BY ASC(?objOfProp) OFFSET 0 LIMIT 1","Malecón, Havana"
"50","Give me the tallest building in Germany?","SELECT DISTINCT ?subjOfProp WHERE {   ?subjOfProp <http://dbpedia.org/ontology/height> ?objOfProp . ?subjOfProp <http://dbpedia.org/ontology/country> <http://dbpedia.org/resource/Germany> . ?subjOfProp <http://www.w3.org/1999/02/22-rdf-syntax-ns#type> <http://dbpedia.org/ontology/Building>} ORDER BY ASC(?objOfProp) OFFSET 0 LIMIT 1","Mendelssohn Palace"
"51","Tell me the tallest building in Germany?","SELECT DISTINCT ?subjOfProp WHERE {   ?subjOfProp <http://dbpedia.org/ontology/height> ?objOfProp . ?subjOfProp <http://dbpedia.org/ontology/country> <http://dbpedia.org/resource/Germany> . ?subjOfProp <http://www.w3.org/1999/02/22-rdf-syntax-ns#type> <http://dbpedia.org/ontology/Building>} ORDER BY ASC(?objOfProp) OFFSET 0 LIMIT 1","Mendelssohn Palace"
"52","What is the tallest building in Germany?","SELECT DISTINCT ?subjOfProp WHERE {   ?subjOfProp <http://dbpedia.org/ontology/height> ?objOfProp . ?subjOfProp <http://dbpedia.org/ontology/country> <http://dbpedia.org/resource/Germany> . ?subjOfProp <http://www.w3.org/1999/02/22-rdf-syntax-ns#type> <http://dbpedia.org/ontology/Building>} ORDER BY ASC(?objOfProp) OFFSET 0 LIMIT 1","Mendelssohn Palace"
"53","What was the tallest building in Germany?","SELECT DISTINCT ?subjOfProp WHERE {   ?subjOfProp <http://dbpedia.org/ontology/height> ?objOfProp . ?subjOfProp <http://dbpedia.org/ontology/country> <http://dbpedia.org/resource/Germany> . ?subjOfProp <http://www.w3.org/1999/02/22-rdf-syntax-ns#type> <http://dbpedia.org/ontology/Building>} ORDER BY ASC(?objOfProp) OFFSET 0 LIMIT 1","Mendelssohn Palace"
"56","Give me the tallest building in Spain?","SELECT DISTINCT ?subjOfProp WHERE {   ?subjOfProp <http://dbpedia.org/ontology/height> ?objOfProp . ?subjOfProp <http://dbpedia.org/ontology/country> <http://dbpedia.org/resource/Spain> . ?subjOfProp <http://www.w3.org/1999/02/22-rdf-syntax-ns#type> <http://dbpedia.org/ontology/Building>} ORDER BY ASC(?objOfProp) OFFSET 0 LIMIT 1","Marqués de Riscal Hotel"
"57","Tell me the tallest building in Spain?","SELECT DISTINCT ?subjOfProp WHERE {   ?subjOfProp <http://dbpedia.org/ontology/height> ?objOfProp . ?subjOfProp <http://dbpedia.org/ontology/country> <http://dbpedia.org/resource/Spain> . ?subjOfProp <http://www.w3.org/1999/02/22-rdf-syntax-ns#type> <http://dbpedia.org/ontology/Building>} ORDER BY ASC(?objOfProp) OFFSET 0 LIMIT 1","Marqués de Riscal Hotel"
"58","What is the tallest building in Spain?","SELECT DISTINCT ?subjOfProp WHERE {   ?subjOfProp <http://dbpedia.org/ontology/height> ?objOfProp . ?subjOfProp <http://dbpedia.org/ontology/country> <http://dbpedia.org/resource/Spain> . ?subjOfProp <http://www.w3.org/1999/02/22-rdf-syntax-ns#type> <http://dbpedia.org/ontology/Building>} ORDER BY ASC(?objOfProp) OFFSET 0 LIMIT 1","Marqués de Riscal Hotel"
"59","What was the tallest building in Spain?","SELECT DISTINCT ?subjOfProp WHERE {   ?subjOfProp <http://dbpedia.org/ontology/height> ?objOfProp . ?subjOfProp <http://dbpedia.org/ontology/country> <http://dbpedia.org/resource/Spain> . ?subjOfProp <http://www.w3.org/1999/02/22-rdf-syntax-ns#type> <http://dbpedia.org/ontology/Building>} ORDER BY ASC(?objOfProp) OFFSET 0 LIMIT 1","Marqués de Riscal Hotel"
"62","the tallest building in the world","SELECT DISTINCT ?subjOfProp WHERE {   ?subjOfProp <http://dbpedia.org/ontology/height> ?objOfProp . ?subjOfProp <http://www.w3.org/1999/02/22-rdf-syntax-ns#type> <http://dbpedia.org/ontology/Building>} ORDER BY ASC(?objOfProp) OFFSET 0 LIMIT 1","Malecón, Havana"
"65","the tallest building in Germany","SELECT DISTINCT ?subjOfProp WHERE {   ?subjOfProp <http://dbpedia.org/ontology/height> ?objOfProp . ?subjOfProp <http://dbpedia.org/ontology/country> <http://dbpedia.org/resource/Germany> . ?subjOfProp <http://www.w3.org/1999/02/22-rdf-syntax-ns#type> <http://dbpedia.org/ontology/Building>} ORDER BY ASC(?objOfProp) OFFSET 0 LIMIT 1","Mendelssohn Palace"
"68","the tallest building in Spain","SELECT DISTINCT ?subjOfProp WHERE {   ?subjOfProp <http://dbpedia.org/ontology/height> ?objOfProp . ?subjOfProp <http://dbpedia.org/ontology/country> <http://dbpedia.org/resource/Spain> . ?subjOfProp <http://www.w3.org/1999/02/22-rdf-syntax-ns#type> <http://dbpedia.org/ontology/Building>} ORDER BY ASC(?objOfProp) OFFSET 0 LIMIT 1","Marqués de Riscal Hotel"
"1","Give me the highest bridge in the world?","SELECT DISTINCT ?subjOfProp WHERE {   ?subjOfProp <http://dbpedia.org/ontology/height> ?objOfProp . ?subjOfProp <http://www.w3.org/1999/02/22-rdf-syntax-ns#type> <http://dbpedia.org/ontology/Bridge>} ORDER BY ASC(?objOfProp) OFFSET 0 LIMIT 1","Holzbrücke Rapperswil-Hurden"
"2","Tell me the highest bridge in the world?","SELECT DISTINCT ?subjOfProp WHERE {   ?subjOfProp <http://dbpedia.org/ontology/height> ?objOfProp . ?subjOfProp <http://www.w3.org/1999/02/22-rdf-syntax-ns#type> <http://dbpedia.org/ontology/Bridge>} ORDER BY ASC(?objOfProp) OFFSET 0 LIMIT 1","Holzbrücke Rapperswil-Hurden"
"3","What is the highest bridge in the world?","SELECT DISTINCT ?subjOfProp WHERE {   ?subjOfProp <http://dbpedia.org/ontology/height> ?objOfProp . ?subjOfProp <http://www.w3.org/1999/02/22-rdf-syntax-ns#type> <http://dbpedia.org/ontology/Bridge>} ORDER BY ASC(?objOfProp) OFFSET 0 LIMIT 1","Holzbrücke Rapperswil-Hurden"
"4","What was the highest bridge in the world?","SELECT DISTINCT ?subjOfProp WHERE {   ?subjOfProp <http://dbpedia.org/ontology/height> ?objOfProp . ?subjOfProp <http://www.w3.org/1999/02/22-rdf-syntax-ns#type> <http://dbpedia.org/ontology/Bridge>} ORDER BY ASC(?objOfProp) OFFSET 0 LIMIT 1","Holzbrücke Rapperswil-Hurden"
"11","the highest bridge in the world","SELECT DISTINCT ?subjOfProp WHERE {   ?subjOfProp <http://dbpedia.org/ontology/height> ?objOfProp . ?subjOfProp <http://www.w3.org/1999/02/22-rdf-syntax-ns#type> <http://dbpedia.org/ontology/Bridge>} ORDER BY ASC(?objOfProp) OFFSET 0 LIMIT 1","Holzbrücke Rapperswil-Hurden"
"18","Give me the highest building in the world?","SELECT DISTINCT ?subjOfProp WHERE {   ?subjOfProp <http://dbpedia.org/ontology/height> ?objOfProp . ?subjOfProp <http://www.w3.org/1999/02/22-rdf-syntax-ns#type> <http://dbpedia.org/ontology/Building>} ORDER BY ASC(?objOfProp) OFFSET 0 LIMIT 1","Malecón, Havana"
"19","Tell me the highest building in the world?","SELECT DISTINCT ?subjOfProp WHERE {   ?subjOfProp <http://dbpedia.org/ontology/height> ?objOfProp . ?subjOfProp <http://www.w3.org/1999/02/22-rdf-syntax-ns#type> <http://dbpedia.org/ontology/Building>} ORDER BY ASC(?objOfProp) OFFSET 0 LIMIT 1","Malecón, Havana"
"20","What is the highest building in the world?","SELECT DISTINCT ?subjOfProp WHERE {   ?subjOfProp <http://dbpedia.org/ontology/height> ?objOfProp . ?subjOfProp <http://www.w3.org/1999/02/22-rdf-syntax-ns#type> <http://dbpedia.org/ontology/Building>} ORDER BY ASC(?objOfProp) OFFSET 0 LIMIT 1","Malecón, Havana"
"21","What was the highest building in the world?","SELECT DISTINCT ?subjOfProp WHERE {   ?subjOfProp <http://dbpedia.org/ontology/height> ?objOfProp . ?subjOfProp <http://www.w3.org/1999/02/22-rdf-syntax-ns#type> <http://dbpedia.org/ontology/Building>} ORDER BY ASC(?objOfProp) OFFSET 0 LIMIT 1","Malecón, Havana"
"24","Give me the highest building in Germany?","SELECT DISTINCT ?subjOfProp WHERE {   ?subjOfProp <http://dbpedia.org/ontology/height> ?objOfProp . ?subjOfProp <http://dbpedia.org/ontology/country> <http://dbpedia.org/resource/Germany> . ?subjOfProp <http://www.w3.org/1999/02/22-rdf-syntax-ns#type> <http://dbpedia.org/ontology/Building>} ORDER BY ASC(?objOfProp) OFFSET 0 LIMIT 1","Mendelssohn Palace"
"25","Tell me the highest building in Germany?","SELECT DISTINCT ?subjOfProp WHERE {   ?subjOfProp <http://dbpedia.org/ontology/height> ?objOfProp . ?subjOfProp <http://dbpedia.org/ontology/country> <http://dbpedia.org/resource/Germany> . ?subjOfProp <http://www.w3.org/1999/02/22-rdf-syntax-ns#type> <http://dbpedia.org/ontology/Building>} ORDER BY ASC(?objOfProp) OFFSET 0 LIMIT 1","Mendelssohn Palace"
"26","What is the highest building in Germany?","SELECT DISTINCT ?subjOfProp WHERE {   ?subjOfProp <http://dbpedia.org/ontology/height> ?objOfProp . ?subjOfProp <http://dbpedia.org/ontology/country> <http://dbpedia.org/resource/Germany> . ?subjOfProp <http://www.w3.org/1999/02/22-rdf-syntax-ns#type> <http://dbpedia.org/ontology/Building>} ORDER BY ASC(?objOfProp) OFFSET 0 LIMIT 1","Mendelssohn Palace"
"27","What was the highest building in Germany?","SELECT DISTINCT ?subjOfProp WHERE {   ?subjOfProp <http://dbpedia.org/ontology/height> ?objOfProp . ?subjOfProp <http://dbpedia.org/ontology/country> <http://dbpedia.org/resource/Germany> . ?subjOfProp <http://www.w3.org/1999/02/22-rdf-syntax-ns#type> <http://dbpedia.org/ontology/Building>} ORDER BY ASC(?objOfProp) OFFSET 0 LIMIT 1","Mendelssohn Palace"
"30","Give me the highest building in Spain?","SELECT DISTINCT ?subjOfProp WHERE {   ?subjOfProp <http://dbpedia.org/ontology/height> ?objOfProp . ?subjOfProp <http://dbpedia.org/ontology/country> <http://dbpedia.org/resource/Spain> . ?subjOfProp <http://www.w3.org/1999/02/22-rdf-syntax-ns#type> <http://dbpedia.org/ontology/Building>} ORDER BY ASC(?objOfProp) OFFSET 0 LIMIT 1","Marqués de Riscal Hotel"
"31","Tell me the highest building in Spain?","SELECT DISTINCT ?subjOfProp WHERE {   ?subjOfProp <http://dbpedia.org/ontology/height> ?objOfProp . ?subjOfProp <http://dbpedia.org/ontology/country> <http://dbpedia.org/resource/Spain> . ?subjOfProp <http://www.w3.org/1999/02/22-rdf-syntax-ns#type> <http://dbpedia.org/ontology/Building>} ORDER BY ASC(?objOfProp) OFFSET 0 LIMIT 1","Marqués de Riscal Hotel"
"32","What is the highest building in Spain?","SELECT DISTINCT ?subjOfProp WHERE {   ?subjOfProp <http://dbpedia.org/ontology/height> ?objOfProp . ?subjOfProp <http://dbpedia.org/ontology/country> <http://dbpedia.org/resource/Spain> . ?subjOfProp <http://www.w3.org/1999/02/22-rdf-syntax-ns#type> <http://dbpedia.org/ontology/Building>} ORDER BY ASC(?objOfProp) OFFSET 0 LIMIT 1","Marqués de Riscal Hotel"
"33","What was the highest building in Spain?","SELECT DISTINCT ?subjOfProp WHERE {   ?subjOfProp <http://dbpedia.org/ontology/height> ?objOfProp . ?subjOfProp <http://dbpedia.org/ontology/country> <http://dbpedia.org/resource/Spain> . ?subjOfProp <http://www.w3.org/1999/02/22-rdf-syntax-ns#type> <http://dbpedia.org/ontology/Building>} ORDER BY ASC(?objOfProp) OFFSET 0 LIMIT 1","Marqués de Riscal Hotel"
"36","the highest building in the world","SELECT DISTINCT ?subjOfProp WHERE {   ?subjOfProp <http://dbpedia.org/ontology/height> ?objOfProp . ?subjOfProp <http://www.w3.org/1999/02/22-rdf-syntax-ns#type> <http://dbpedia.org/ontology/Building>} ORDER BY ASC(?objOfProp) OFFSET 0 LIMIT 1","Malecón, Havana"
"39","the highest building in Germany","SELECT DISTINCT ?subjOfProp WHERE {   ?subjOfProp <http://dbpedia.org/ontology/height> ?objOfProp . ?subjOfProp <http://dbpedia.org/ontology/country> <http://dbpedia.org/resource/Germany> . ?subjOfProp <http://www.w3.org/1999/02/22-rdf-syntax-ns#type> <http://dbpedia.org/ontology/Building>} ORDER BY ASC(?objOfProp) OFFSET 0 LIMIT 1","Mendelssohn Palace"
"42","the highest building in Spain","SELECT DISTINCT ?subjOfProp WHERE {   ?subjOfProp <http://dbpedia.org/ontology/height> ?objOfProp . ?subjOfProp <http://dbpedia.org/ontology/country> <http://dbpedia.org/resource/Spain> . ?subjOfProp <http://www.w3.org/1999/02/22-rdf-syntax-ns#type> <http://dbpedia.org/ontology/Building>} ORDER BY ASC(?objOfProp) OFFSET 0 LIMIT 1","Marqués de Riscal Hotel"
